Distribution Type,Histogram
Use,EMISSIONS
Units,scf_wholegas
Gas Type,whole_gas
Emission Unit,scf
Source,"Allen 2015, Derived from data in SI Table S4-1 and S6-1 (AP Region)."
Time Basis,s
%%%ENDOFMETADATA%%%,
Emissions,Probability
0.0018375931539931223,0.16666666666666666
0.0007489281431980097,0.16666666666666666
0.0006518371373187735,0.16666666666666666
0.0014963167944091243,0.16666666666666666
0.0023623727780518887,0.16666666666666666
0.0030619545225595395,0.16666666666666666
