Distribution Type,Histogram
Use,EMISSIONS
Units,scf_wholegas
Gas Type,whole_gas
Emission Unit,scf
Source,"Allen 2015, Derived from data in SI Table S4-1 and S6-1 (GC Region)."
Time Basis,s
%%%ENDOFMETADATA%%%,
Emissions,Probability
1.1574115589194557e-05,0.09090909090909091
0.0,0.6363636363636364
6.779361091369043e-06,0.09090909090909091
3.954858960360456e-05,0.09090909090909091
3.4184095701821014e-06,0.09090909090909091
