Distribution Type,Histogram
Use,EMISSIONS
Units,scf_wholegas
Gas Type,whole_gas
Emission Unit,scf
Source,"Allen 2015, Derived from data in SI Table S4-1 and S6-1 (RM Region)."
Time Basis,s
%%%ENDOFMETADATA%%%,
Emissions,Probability
2.280336462168272e-06,0.047619047619047616
0.0,0.47619047619047616
8.632384616271501e-07,0.047619047619047616
0.00017271011437229543,0.047619047619047616
1.0548812238739201e-06,0.047619047619047616
6.142551331907164e-07,0.047619047619047616
2.6699665016294922e-06,0.047619047619047616
7.348281109443036e-08,0.047619047619047616
2.339077944697723e-09,0.047619047619047616
1.1208099502881195e-06,0.047619047619047616
6.31502670450125e-07,0.047619047619047616
0.0008495125339406378,0.047619047619047616
